promoter_file, motif, number_of_sites, jaspar_file_info, jaspar_info_percentage, e_val, distance, distance_percentage, failure_rate, success_rate, false_positive_rate, false_negative, promoter_size, number_of_sequences, model, markov_order, iterations, stdev(avg_eval), stdev(avg_score), stdev(avg_pscore), stdev(avg_frate), stdev(avg_srate), stdev(avg_fprate), stdev(avg_fn)
'/tmp/testmotif23224_300_10_5.fa', 'MEME-1', 8.4, 0.6751350662203579, 14000.0, 195402.0, 17.6644454, 0.5193148352380953, 0.8111111111111111, 0.18888888888888888, 0.08888888888888888, 'statistics.mean(avg_fn)', 300, 10, 'zoops', 0, 5, 427435.35595455836, 4.059402140087786, 0.06934422793131706, 0.21372648957412607, 0.21372648957412607, 0.09296222517045283, 'statistics.stdev(avg_fn)'
'/tmp/testmotif23224_300_10_5.fa', 'MEME-2', 7.6, 0.6751350662203579, 14000.0, 325820.0, 10.36, 0.5035, 0.74, 0.26, 0.065, 'statistics.mean(avg_fn)', 300, 10, 'zoops', 0, 5, 657283.5856766849, 2.443716431994514, 0.17922002857090216, 0.3209361307176243, 0.3209361307176242, 0.06020797289396148, 'statistics.stdev(avg_fn)'
'/tmp/testmotif23224_300_10_5.fa', 'MEME-3', 9.2, 0.6751350662203579, 14000.0, 447720.0, 25.715555600000002, 0.5962262270847574, 0.7955555555555556, 0.20444444444444446, 0.1111111111111111, 'statistics.mean(avg_fn)', 300, 10, 'zoops', 0, 5, 576059.8857757759, 18.348768123201445, 0.13962730177179042, 0.3375291482611923, 0.33752914826119235, 0.07856742013183861, 'statistics.stdev(avg_fn)'
'/tmp/testmotif23224_300_10_5.fa', 'MEME-1', 8.8, 0.6751350662203579, 210000.0, 1247.86, 11.888095, 0.5180332095959596, 0.29714285714285715, 0.7028571428571428, 0.07357142857142857, 'statistics.mean(avg_fn)', 300, 10, 'zoops', 1, 5, 2277.62023787988, 6.4017762242120755, 0.280193438670303, 0.4062521585499954, 0.4062521585499954, 0.06886470023731688, 'statistics.stdev(avg_fn)'
'/tmp/testmotif23224_300_10_5.fa', 'MEME-2', 8, 0.6751350662203579, 210000.0, 68840.0, 15.293969399999998, 0.435095271005291, 1.0, 0.0, 0.11301587301587301, 'statistics.mean(avg_fn)', 300, 10, 'zoops', 1, 5, 140485.68610360273, 9.744982093402315, 0.0982992118110626, 0.0, 0.0, 0.07286388598321154, 'statistics.stdev(avg_fn)'
'/tmp/testmotif23224_300_10_5.fa', 'MEME-3', 5.4, 0.6751350662203579, 210000.0, 83258.0, 15.7733346, 0.41683335285714285, 1.0, 0.0, 0.13555555555555557, 'statistics.mean(avg_fn)', 300, 10, 'zoops', 1, 5, 95432.12677081025, 8.903198234405592, 0.09382563134739097, 0.0, 0.0, 0.1645044935406378, 'statistics.stdev(avg_fn)'
'/tmp/testmotif23224_300_10_5.fa', 'MEME-1', 10, 0.6751350662203579, 16000.0, 16020.312, 8.48, 0.39745454545454545, 0.58, 0.42000000000000004, 0.16, 'statistics.mean(avg_fn)', 300, 10, 'oops', 0, 5, 21014.031140519422, 5.823830354672086, 0.28480823377765646, 0.408656334834051, 0.408656334834051, 0.08944271909999157, 'statistics.stdev(avg_fn)'
'/tmp/testmotif23224_300_10_5.fa', 'MEME-2', 10, 0.6751350662203579, 16000.0, 212400.0, 8.52, 0.40788888888888886, 0.98, 0.02, 0.16, 'statistics.mean(avg_fn)', 300, 10, 'oops', 0, 5, 169713.8768633844, 1.7166828478201788, 0.06320192414791154, 0.04472135954999579, 0.044721359549995794, 0.08944271909999157, 'statistics.stdev(avg_fn)'
'/tmp/testmotif23224_300_10_5.fa', 'MEME-3', 10, 0.6751350662203579, 16000.0, 117000.0, 10.16, 0.45894405594405596, 0.86, 0.13999999999999999, 0.16, 'statistics.mean(avg_fn)', 300, 10, 'oops', 0, 5, 125614.48961007643, 2.09833267143225, 0.05408808604835448, 0.31304951684997057, 0.3130495168499705, 0.08944271909999157, 'statistics.stdev(avg_fn)'
'/tmp/testmotif23224_300_10_5.fa', 'MEME-1', 10, 0.6751350662203579, 730000.0, 116260.0, 11.559999999999999, 0.43117460317460315, 0.76, 0.24, 0.18000000000000002, 'statistics.mean(avg_fn)', 300, 10, 'oops', 1, 5, 132540.3259389383, 7.190132126741481, 0.10505488133694009, 0.24083189157584592, 0.24083189157584592, 0.130384048104053, 'statistics.stdev(avg_fn)'
'/tmp/testmotif23224_300_10_5.fa', 'MEME-2', 10, 0.6751350662203579, 730000.0, 999220.0, 12.38, 0.48449350649350653, 0.84, 0.16, 0.18000000000000002, 'statistics.mean(avg_fn)', 300, 10, 'oops', 1, 5, 1851977.1710256042, 6.458482793969495, 0.2105645737135143, 0.30495901363953815, 0.3049590136395381, 0.130384048104053, 'statistics.stdev(avg_fn)'
'/tmp/testmotif23224_300_10_5.fa', 'MEME-3', 10, 0.6751350662203579, 730000.0, 1017640.0, 11.48, 0.4248086124401914, 0.98, 0.02, 0.2, 'statistics.mean(avg_fn)', 300, 10, 'oops', 1, 5, 1304577.1912769286, 5.673358793519056, 0.12144876510582259, 0.04472135954999579, 0.044721359549995794, 0.12247448713915891, 'statistics.stdev(avg_fn)'
'/tmp/testmotif23224_300_10_5.fa', 'MEME-1', 7, 0.6751350662203579, 65000.0, 14466.0, 24.356363999999996, 0.470579922815168, 0.6262121212121212, 0.3737878787878788, 0.065, 'statistics.mean(avg_fn)', 300, 10, 'anr', 0, 5, 23584.58776404625, 15.742717507490946, 0.1418203236344489, 0.2994751684066555, 0.2994751684066555, 0.09287087810503356, 'statistics.stdev(avg_fn)'
'/tmp/testmotif23224_300_10_5.fa', 'MEME-2', 6.6, 0.6751350662203579, 65000.0, 38180.0, 22.873336400000003, 0.543190530836237, 0.7733333333333333, 0.22666666666666668, 0.09333333333333332, 'statistics.mean(avg_fn)', 300, 10, 'anr', 0, 5, 46703.98269955144, 14.297427634952113, 0.15475406534551192, 0.3311595788538611, 0.33115957885386116, 0.13621877827801698, 'statistics.stdev(avg_fn)'
'/tmp/testmotif23224_300_10_5.fa', 'MEME-3', 4.6, 0.6751350662203579, 65000.0, 64580.0, 20.504765400000004, 0.42623759105933284, 1.0, 0.0, 0.07333333333333333, 'statistics.mean(avg_fn)', 300, 10, 'anr', 0, 5, 48508.576561263886, 15.17835799171056, 0.10347997371755152, 0.0, 0.0, 0.10110500592068734, 'statistics.stdev(avg_fn)'
'/tmp/testmotif23224_300_10_5.fa', 'MEME-1', 10.2, 0.6751350662203579, 85000.0, 9460.0, 22.8585514, 0.5626404465134099, 0.7450757575757576, 0.2549242424242424, 0.10357142857142856, 'statistics.mean(avg_fn)', 300, 10, 'anr', 1, 5, 6140.684000988815, 9.479449372291768, 0.07528265870328395, 0.32439925582667406, 0.324399255826674, 0.16385813924220663, 'statistics.stdev(avg_fn)'
'/tmp/testmotif23224_300_10_5.fa', 'MEME-2', 3.6, 0.6751350662203579, 85000.0, 107200.0, 10.3733336, 0.4147169265936678, 0.9333333333333333, 0.06666666666666667, 0.08888888888888888, 'statistics.mean(avg_fn)', 300, 10, 'anr', 1, 5, 32174.524083504326, 5.990984450359124, 0.18118309535964774, 0.14907119849998599, 0.14907119849998599, 0.14487116456005886, 'statistics.stdev(avg_fn)'
'/tmp/testmotif23224_300_10_5.fa', 'MEME-3', 3.8, 0.6751350662203579, 85000.0, 126200.0, 14.52, 0.4272022100706311, 0.86, 0.14, 0.14666666666666667, 'statistics.mean(avg_fn)', 300, 10, 'anr', 1, 5, 37379.138566853035, 6.203789164696041, 0.07754213525222368, 0.21908902300206645, 0.21908902300206645, 0.2022100118413747, 'statistics.stdev(avg_fn)'
'/tmp/testmotif23224_300_15_5.fa', 'MEME-1', 14.4, 0.6751350662203579, 340000.0, 3374.600172, 10.673333399999999, 0.5264309848484848, 0.53, 0.47, 0.10666666666666667, 'statistics.mean(avg_fn)', 300, 15, 'zoops', 0, 5, 6544.139236669873, 5.622989512706101, 0.2787985576404427, 0.26151269355212736, 0.26151269355212736, 0.0760116950066092, 'statistics.stdev(avg_fn)'
'/tmp/testmotif23224_300_15_5.fa', 'MEME-2', 6.8, 0.6751350662203579, 340000.0, 77260.0, 13.306669, 0.36585634633998787, 1.0, 0.0, 0.07333333333333333, 'statistics.mean(avg_fn)', 300, 15, 'zoops', 0, 5, 147093.97676315642, 10.67550492092449, 0.11712643220954302, 0.0, 0.0, 0.10110500592068734, 'statistics.stdev(avg_fn)'
'/tmp/testmotif23224_300_15_5.fa', 'MEME-3', 10.8, 0.6751350662203579, 340000.0, 99600.0, 14.7092054, 0.4869403194805195, 0.9866666666666667, 0.013333333333333332, 0.16468253968253968, 'statistics.mean(avg_fn)', 300, 15, 'zoops', 0, 5, 140428.9856119455, 4.10329943929002, 0.049916807727273346, 0.029814239699997188, 0.029814239699997195, 0.04356593483161566, 'statistics.stdev(avg_fn)'
'/tmp/testmotif23224_300_15_5.fa', 'MEME-1', 13.4, 0.6751350662203579, 15000.0, 886.03200162, 12.8733346, 0.6248418151515152, 0.43238095238095237, 0.5676190476190476, 0.12928571428571428, 'statistics.mean(avg_fn)', 300, 15, 'zoops', 1, 5, 1964.4069225930687, 5.796904580224285, 0.3149253425409481, 0.3316693159570121, 0.33166931595701205, 0.14523711943466108, 'statistics.stdev(avg_fn)'
'/tmp/testmotif23224_300_15_5.fa', 'MEME-2', 6.2, 0.6751350662203579, 15000.0, 51000.0, 25.630004800000002, 0.4925306663265307, 0.895, 0.10500000000000001, 0.1519047619047619, 'statistics.mean(avg_fn)', 300, 15, 'zoops', 1, 5, 34372.954484594426, 17.326059302106287, 0.05713642132954214, 0.10062305898749051, 0.10062305898749054, 0.09395565123553225, 'statistics.stdev(avg_fn)'
'/tmp/testmotif23224_300_15_5.fa', 'MEME-3', 5.4, 0.6751350662203579, 15000.0, 70200.0, 16.8366672, 0.4336508034632035, 0.9266666666666666, 0.07333333333333333, 0.19666666666666666, 'statistics.mean(avg_fn)', 300, 15, 'zoops', 1, 5, 66337.77204579605, 7.323160131163948, 0.061945086537022735, 0.10110500592068732, 0.10110500592068734, 0.14548768561863465, 'statistics.stdev(avg_fn)'
'/tmp/testmotif23224_300_15_5.fa', 'MEME-1', 15, 0.6751350662203579, 5100000.0, 9285.80000174, 9.740001399999999, 0.46636370808080807, 0.36, 0.64, 0.09333333333333334, 'statistics.mean(avg_fn)', 300, 15, 'oops', 0, 5, 17874.356160701474, 8.011464062274246, 0.3429525181187082, 0.10110500592068734, 0.10110500592068736, 0.10110500592068734, 'statistics.stdev(avg_fn)'
'/tmp/testmotif23224_300_15_5.fa', 'MEME-2', 15, 0.6751350662203579, 5100000.0, 3391400.0, 9.1666662, 0.43646462292929294, 0.96, 0.04, 0.09333333333333334, 'statistics.mean(avg_fn)', 300, 15, 'oops', 0, 5, 7051346.594800173, 2.0815328059445033, 0.06670435771718751, 0.036514837167011066, 0.03651483716701107, 0.10110500592068734, 'statistics.stdev(avg_fn)'
'/tmp/testmotif23224_300_15_5.fa', 'MEME-3', 15, 0.6751350662203579, 5100000.0, 31860000.0, 11.1933348, 0.424269899018759, 1.0, 0.0, 0.09333333333333334, 'statistics.mean(avg_fn)', 300, 15, 'oops', 0, 5, 60529273.90940684, 4.243256083612407, 0.09510955011162073, 0.0, 0.0, 0.10110500592068734, 'statistics.stdev(avg_fn)'
'/tmp/testmotif23224_300_15_5.fa', 'MEME-1', 15, 0.6751350662203579, 3700000.0, 636024.0000000062, 10.0800004, 0.439169328015873, 0.56, 0.44, 0.08, 'statistics.mean(avg_fn)', 300, 15, 'oops', 1, 5, 1322740.2779381864, 6.961585364460261, 0.25633026550138166, 0.38758511609996354, 0.38758511609996354, 0.029814239699997195, 'statistics.stdev(avg_fn)'
'/tmp/testmotif23224_300_15_5.fa', 'MEME-2', 15, 0.6751350662203579, 3700000.0, 1383600.0, 8.7066672, 0.4212121494949495, 0.8933333333333333, 0.10666666666666666, 0.08, 'statistics.mean(avg_fn)', 300, 15, 'oops', 1, 5, 2265489.969079537, 2.685909802820955, 0.1039784955678794, 0.23851391759997756, 0.23851391759997756, 0.029814239699997195, 'statistics.stdev(avg_fn)'
'/tmp/testmotif23224_300_15_5.fa', 'MEME-3', 15, 0.6751350662203579, 3700000.0, 26220000.0, 8.126666799999999, 0.4161952929292929, 0.9733333333333334, 0.026666666666666665, 0.09333333333333334, 'statistics.mean(avg_fn)', 300, 15, 'oops', 1, 5, 41218406.08271989, 0.8008329080836396, 0.03370754233577803, 0.059628479399994376, 0.05962847939999439, 0.03651483716701107, 'statistics.stdev(avg_fn)'
'/tmp/testmotif23224_300_15_5.fa', 'MEME-1', 9.8, 0.6751350662203579, 33000.0, 46295.4, 21.9944366, 0.683365596433725, 0.5413919413919414, 0.45860805860805864, 0.07619047619047618, 'statistics.mean(avg_fn)', 300, 15, 'anr', 0, 5, 77918.01120280214, 18.161364520942755, 0.23356185268386517, 0.3504840883560116, 0.35048408835601164, 0.10567781438653404, 'statistics.stdev(avg_fn)'
'/tmp/testmotif23224_300_15_5.fa', 'MEME-2', 6.8, 0.6751350662203579, 33000.0, 79400.0, 14.023491800000002, 0.43141364861471865, 0.8777777777777778, 0.12222222222222222, 0.10158730158730159, 'statistics.mean(avg_fn)', 300, 15, 'anr', 0, 5, 89147.6303667125, 5.359398409841699, 0.06444411359446625, 0.21659542988464364, 0.21659542988464364, 0.1409037525153787, 'statistics.stdev(avg_fn)'
'/tmp/testmotif23224_300_15_5.fa', 'MEME-3', 4.8, 0.6751350662203579, 33000.0, 186600.0, 18.473335199999998, 0.5042783616748768, 0.66, 0.34, 0.04, 'statistics.mean(avg_fn)', 300, 15, 'anr', 0, 5, 138556.12581188895, 7.349923914346406, 0.1650934550000888, 0.4219004621945797, 0.4219004621945797, 0.08944271909999159, 'statistics.stdev(avg_fn)'
'/tmp/testmotif23224_300_15_5.fa', 'MEME-1', 9.8, 0.6751350662203579, 190000.0, 679881.42, 7.8921578, 0.37424075293040293, 0.2879901960784314, 0.7120098039215687, 0.0, 'statistics.mean(avg_fn)', 300, 15, 'anr', 1, 5, 1465121.92613314, 4.867509815242718, 0.27158618610753427, 0.3405562066566239, 0.3405562066566239, 0.0, 'statistics.stdev(avg_fn)'
'/tmp/testmotif23224_300_15_5.fa', 'MEME-2', 7.4, 0.6751350662203579, 190000.0, 238000.0, 9.646666399999999, 0.3291217153069153, 0.8097222222222222, 0.19027777777777777, 0.052500000000000005, 'statistics.mean(avg_fn)', 300, 15, 'anr', 1, 5, 381394.15307526675, 5.924600692404914, 0.114746724565625, 0.3914720753801848, 0.3914720753801848, 0.08678277478854891, 'statistics.stdev(avg_fn)'
'/tmp/testmotif23224_300_15_5.fa', 'MEME-3', 3.8, 0.6751350662203579, 190000.0, 974600.0, 16.980000800000003, 0.39500803567608866, 0.9666666666666667, 0.03333333333333333, 0.1, 'statistics.mean(avg_fn)', 300, 15, 'anr', 1, 5, 1751109.8766211104, 14.384263145535236, 0.1228613817275353, 0.07453559924999298, 0.07453559924999299, 0.223606797749979, 'statistics.stdev(avg_fn)'
'/tmp/testmotif23224_300_20_5.fa', 'MEME-1', 19.4, 0.6751350662203579, 260000.0, 5380.00646032, 10.988303799999999, 0.4938540367521367, 0.44228070175438594, 0.5577192982456141, 0.10380116959064327, 'statistics.mean(avg_fn)', 300, 20, 'zoops', 0, 5, 10998.723249035977, 4.606165794162017, 0.24760605303658711, 0.43953688658533424, 0.43953688658533424, 0.08047206486237309, 'statistics.stdev(avg_fn)'
'/tmp/testmotif23224_300_20_5.fa', 'MEME-2', 11, 0.6751350662203579, 260000.0, 300240.0, 12.173334, 0.5231894242424242, 0.6366666666666667, 0.36333333333333334, 0.03916666666666667, 'statistics.mean(avg_fn)', 300, 20, 'zoops', 0, 5, 561029.2220553221, 3.5154739193713267, 0.16779756940804302, 0.4678778924273108, 0.4678778924273108, 0.05919013619026588, 'statistics.stdev(avg_fn)'
'/tmp/testmotif23224_300_20_5.fa', 'MEME-3', 5, 0.6751350662203579, 260000.0, 1610000.0, 20.439999999999998, 0.44931929046563196, 1.0, 0.0, 0.065, 'statistics.mean(avg_fn)', 300, 20, 'zoops', 0, 5, 2958944.068413595, 15.07673704751794, 0.09335630062969613, 0.0, 0.0, 0.09287087810503356, 'statistics.stdev(avg_fn)'
'/tmp/testmotif23224_300_20_5.fa', 'MEME-1', 18.4, 0.6751350662203579, 6900000.0, 3001.266002374, 17.4966684, 0.8759232616161616, 0.17038011695906433, 0.8296198830409356, 0.0, 'statistics.mean(avg_fn)', 300, 20, 'zoops', 1, 5, 6707.496745654633, 0.8961758241555067, 0.02417510833016776, 0.10588427456691034, 0.10588427456691034, 0.0, 'statistics.stdev(avg_fn)'
'/tmp/testmotif23224_300_20_5.fa', 'MEME-2', 12.4, 0.6751350662203579, 6900000.0, 1470314.0, 24.264999999999993, 0.46479160079051374, 0.99, 0.01, 0.05, 'statistics.mean(avg_fn)', 300, 20, 'zoops', 1, 5, 2985593.284086096, 17.415883554962114, 0.0979220815017784, 0.022360679774997918, 0.022360679774997897, 0.08660254037844388, 'statistics.stdev(avg_fn)'
'/tmp/testmotif23224_300_20_5.fa', 'MEME-3', 9.2, 0.6751350662203579, 6900000.0, 1469040.0, 16.8410534, 0.44651567630918987, 0.9888888888888889, 0.01111111111111111, 0.0, 'statistics.mean(avg_fn)', 300, 20, 'zoops', 1, 5, 3038957.9312652554, 8.869374462327812, 0.10969294660968279, 0.024845199749997673, 0.02484519974999766, 0.0, 'statistics.stdev(avg_fn)'
'/tmp/testmotif23224_300_20_5.fa', 'MEME-1', 20, 0.6751350662203579, 38000000.0, 2.47254, 9.979999999999999, 0.4855959595959596, 0.33, 0.67, 0.13, 'statistics.mean(avg_fn)', 300, 20, 'oops', 0, 5, 4.7780994399447145, 7.46840009640619, 0.34480031269878486, 0.0570087712549569, 0.057008771254956896, 0.057008771254956896, 'statistics.stdev(avg_fn)'
'/tmp/testmotif23224_300_20_5.fa', 'MEME-2', 20, 0.6751350662203579, 38000000.0, 5870578000.0, 9.36, 0.4178585858585858, 1.0, 0.0, 0.14, 'statistics.mean(avg_fn)', 300, 20, 'oops', 0, 5, 11342102588.604107, 4.3775563959816655, 0.10601483861002493, 0.0, 0.0, 0.05477225575051661, 'statistics.stdev(avg_fn)'
'/tmp/testmotif23224_300_20_5.fa', 'MEME-3', 20, 0.6751350662203579, 38000000.0, 1426600000.0, 9.44, 0.42012987012987013, 1.0, 0.0, 0.15, 'statistics.mean(avg_fn)', 300, 20, 'oops', 0, 5, 2568425159.5092273, 2.059854363784003, 0.04014174161394816, 0.0, 0.0, 0.07905694150420949, 'statistics.stdev(avg_fn)'
'/tmp/testmotif23224_300_20_5.fa', 'MEME-1', 20, 0.6751350662203579, 720000000.0, 0.020423424000000003, 11.94, 0.6185555555555555, 0.19, 0.81, 0.08, 'statistics.mean(avg_fn)', 300, 20, 'oops', 1, 5, 0.030390907561290106, 7.299863012413315, 0.3737554657100658, 0.05477225575051661, 0.05477225575051661, 0.027386127875258306, 'statistics.stdev(avg_fn)'
'/tmp/testmotif23224_300_20_5.fa', 'MEME-2', 20, 0.6751350662203579, 720000000.0, 1826638000.0, 11.979999999999999, 0.4497799422799423, 1.0, 0.0, 0.08, 'statistics.mean(avg_fn)', 300, 20, 'oops', 1, 5, 3954803269.913688, 6.93303685263536, 0.10639224966988646, 0.0, 0.0, 0.027386127875258306, 'statistics.stdev(avg_fn)'
'/tmp/testmotif23224_300_20_5.fa', 'MEME-3', 20, 0.6751350662203579, 720000000.0, 9719600000.0, 9.78, 0.4169090909090909, 0.99, 0.01, 0.1, 'statistics.mean(avg_fn)', 300, 20, 'oops', 1, 5, 20294147390.31921, 3.825833242576053, 0.10721694320827961, 0.022360679774997918, 0.022360679774997897, 0.035355339059327376, 'statistics.stdev(avg_fn)'
'/tmp/testmotif23224_300_20_5.fa', 'MEME-1', 16.6, 0.6751350662203579, 65000.0, 2120.0256, 9.335941199999999, 0.46436202929292925, 0.1935378218272955, 0.8064621781727045, 0.0125, 'statistics.mean(avg_fn)', 300, 20, 'anr', 0, 5, 3024.378336382421, 4.45572804718036, 0.2644430261808223, 0.03406459273262773, 0.03406459273262772, 0.027950849718747374, 'statistics.stdev(avg_fn)'
'/tmp/testmotif23224_300_20_5.fa', 'MEME-2', 7.8, 0.6751350662203579, 65000.0, 75944.4, 21.6509104, 0.4790361824561403, 0.9818181818181818, 0.01818181818181818, 0.13818181818181818, 'statistics.mean(avg_fn)', 300, 20, 'anr', 0, 5, 90134.80324935535, 12.212617552381236, 0.03875726537960733, 0.0406557814090871, 0.040655781409087086, 0.2611481324984692, 'statistics.stdev(avg_fn)'
'/tmp/testmotif23224_300_20_5.fa', 'MEME-3', 4.8, 0.6751350662203579, 65000.0, 171800.0, 26.6200058, 0.47990876167209884, 1.0, 0.0, 0.18333333333333332, 'statistics.mean(avg_fn)', 300, 20, 'anr', 0, 5, 134019.40158051744, 16.257376227733772, 0.05154067705894858, 0.0, 0.0, 0.20749832663314552, 'statistics.stdev(avg_fn)'
'/tmp/testmotif23224_300_20_5.fa', 'MEME-1', 16.6, 0.6751350662203579, 630000.0, 844.2494, 13.6294868, 0.7470927010101011, 0.22969635627530366, 0.7703036437246964, 0.0, 'statistics.mean(avg_fn)', 300, 20, 'anr', 1, 5, 1165.8128275164072, 4.889691961924872, 0.29395594035937594, 0.10117150005588846, 0.10117150005588846, 0.0, 'statistics.stdev(avg_fn)'
'/tmp/testmotif23224_300_20_5.fa', 'MEME-2', 7.2, 0.6751350662203579, 630000.0, 103000.0, 19.241616, 0.45893561695491497, 0.9777777777777777, 0.02222222222222222, 0.12571428571428572, 'statistics.mean(avg_fn)', 300, 20, 'anr', 1, 5, 64007.81202322104, 12.631866992646277, 0.03493632282008018, 0.04969039949999535, 0.04969039949999532, 0.19016641476907126, 'statistics.stdev(avg_fn)'
'/tmp/testmotif23224_300_20_5.fa', 'MEME-3', 4.8, 0.6751350662203579, 630000.0, 250200.0, 10.741905399999998, 0.36556167357753355, 0.9095238095238095, 0.09047619047619047, 0.0619047619047619, 'statistics.mean(avg_fn)', 300, 20, 'anr', 1, 5, 227453.7315587502, 6.742225833251049, 0.11399241597023088, 0.1308441110860389, 0.13084411108603888, 0.08518354199999198, 'statistics.stdev(avg_fn)'
'/tmp/testmotif23224_400_10_5.fa', 'MEME-1', 8.2, 0.6751350662203579, 1600000.0, 32623.6, 16.5211116, 0.5133435474192475, 0.675, 0.325, 0.12555555555555556, 'statistics.mean(avg_fn)', 400, 10, 'zoops', 0, 5, 71216.1055155363, 6.580944184772639, 0.13078495421800124, 0.4293891009329417, 0.4293891009329417, 0.09192723907499135, 'statistics.stdev(avg_fn)'
'/tmp/testmotif23224_400_10_5.fa', 'MEME-2', 6.6, 0.6751350662203579, 1600000.0, 157812.0, 12.16, 0.41583803258145363, 0.925, 0.075, 0.17, 'statistics.mean(avg_fn)', 400, 10, 'zoops', 0, 5, 280590.4857973627, 4.613350192647421, 0.09653638171698323, 0.16770509831248423, 0.16770509831248423, 0.21095023109728986, 'statistics.stdev(avg_fn)'
'/tmp/testmotif23224_400_10_5.fa', 'MEME-3', 6.8, 0.6751350662203579, 1600000.0, 359160.0, 13.614444399999998, 0.4102835195804196, 0.8666666666666667, 0.13333333333333333, 0.14444444444444443, 'statistics.mean(avg_fn)', 400, 10, 'zoops', 0, 5, 695730.9774618348, 6.02343118920697, 0.07699497194388598, 0.29814239699997197, 0.29814239699997197, 0.2208289657150199, 'statistics.stdev(avg_fn)'
'/tmp/testmotif23224_400_10_5.fa', 'MEME-1', 8, 0.6751350662203579, 32000.0, 11952.8, 18.782222599999997, 0.44277046129426123, 0.7755555555555556, 0.22444444444444445, 0.02, 'statistics.mean(avg_fn)', 400, 10, 'zoops', 1, 5, 19818.392699712054, 14.539610977848088, 0.1596944763681294, 0.3897134116371626, 0.3897134116371626, 0.044721359549995794, 'statistics.stdev(avg_fn)'
'/tmp/testmotif23224_400_10_5.fa', 'MEME-2', 6, 0.6751350662203579, 32000.0, 34200.0, 13.953334000000002, 0.5409473213675214, 0.7244444444444444, 0.27555555555555555, 0.08, 'statistics.mean(avg_fn)', 400, 10, 'zoops', 1, 5, 30938.648968563575, 2.5166769492066328, 0.17029373657256577, 0.32606899216932755, 0.32606899216932755, 0.10954451150103323, 'statistics.stdev(avg_fn)'
'/tmp/testmotif23224_400_10_5.fa', 'MEME-3', 8.4, 0.6751350662203579, 32000.0, 68800.0, 23.213651000000002, 0.4679033638118995, 0.9400000000000001, 0.060000000000000005, 0.042222222222222223, 'statistics.mean(avg_fn)', 400, 10, 'zoops', 1, 5, 36676.968249843114, 16.973949446909934, 0.1438923829403102, 0.08944271909999157, 0.0894427190999916, 0.05794846582402355, 'statistics.stdev(avg_fn)'
'/tmp/testmotif23224_400_10_5.fa', 'MEME-1', 10, 0.6751350662203579, 48000.0, 1488802.6, 9.0, 0.3652748538011696, 0.66, 0.33999999999999997, 0.14, 'statistics.mean(avg_fn)', 400, 10, 'oops', 0, 5, 1800127.085189765, 7.240856302952019, 0.16074551444167443, 0.3286335345030997, 0.3286335345030997, 0.05477225575051661, 'statistics.stdev(avg_fn)'
'/tmp/testmotif23224_400_10_5.fa', 'MEME-2', 10, 0.6751350662203579, 48000.0, 1612000.0, 7.58, 0.38384615384615384, 1.0, 0.0, 0.12000000000000001, 'statistics.mean(avg_fn)', 400, 10, 'oops', 0, 5, 1511859.7818580929, 1.977877650412178, 0.04282725094979846, 0.0, 0.0, 0.044721359549995794, 'statistics.stdev(avg_fn)'
'/tmp/testmotif23224_400_10_5.fa', 'MEME-3', 10, 0.6751350662203579, 48000.0, 12691600.0, 10.319999999999999, 0.4405555555555555, 0.96, 0.04, 0.14, 'statistics.mean(avg_fn)', 400, 10, 'oops', 0, 5, 19613062.300416015, 4.002749055336844, 0.053271936270045596, 0.0547722557505166, 0.05477225575051661, 0.08944271909999157, 'statistics.stdev(avg_fn)'
'/tmp/testmotif23224_400_10_5.fa', 'MEME-1', 10, 0.6751350662203579, 170000.0, 53310.064, 11.84, 0.5564444444444444, 0.62, 0.38, 0.060000000000000005, 'statistics.mean(avg_fn)', 400, 10, 'oops', 1, 5, 74027.84591233544, 5.2690606373432445, 0.2125991417238753, 0.396232255123179, 0.396232255123179, 0.05477225575051661, 'statistics.stdev(avg_fn)'
'/tmp/testmotif23224_400_10_5.fa', 'MEME-2', 10, 0.6751350662203579, 170000.0, 645040.0, 10.04, 0.388023088023088, 0.8, 0.19999999999999998, 0.060000000000000005, 'statistics.mean(avg_fn)', 400, 10, 'oops', 1, 5, 1001042.2108982218, 4.243583391427579, 0.12140038118517324, 0.291547594742265, 0.291547594742265, 0.05477225575051661, 'statistics.stdev(avg_fn)'
'/tmp/testmotif23224_400_10_5.fa', 'MEME-3', 10, 0.6751350662203579, 170000.0, 5270000.0, 12.3, 0.43182539682539683, 1.0, 0.0, 0.060000000000000005, 'statistics.mean(avg_fn)', 400, 10, 'oops', 1, 5, 9407188.740532422, 10.54442980914568, 0.09538117559084952, 0.0, 0.0, 0.05477225575051661, 'statistics.stdev(avg_fn)'
'/tmp/testmotif23224_400_10_5.fa', 'MEME-1', 5, 0.6751350662203579, 280000.0, 79820.0, 14.3809542, 0.4248444671639472, 0.8285714285714285, 0.17142857142857143, 0.02857142857142857, 'statistics.mean(avg_fn)', 400, 10, 'anr', 0, 5, 115547.27171162459, 8.007601988218457, 0.06072009801621852, 0.383325938999964, 0.383325938999964, 0.06388765649999399, 'statistics.stdev(avg_fn)'
'/tmp/testmotif23224_400_10_5.fa', 'MEME-2', 3.8, 0.6751350662203579, 280000.0, 111620.0, 14.5428584, 0.4062585302857143, 1.0, 0.0, 0.12857142857142856, 'statistics.mean(avg_fn)', 400, 10, 'anr', 0, 5, 96947.26401503036, 8.178538474793452, 0.08475844381336842, 0.0, 0.0, 0.21665358411575858, 'statistics.stdev(avg_fn)'
'/tmp/testmotif23224_400_10_5.fa', 'MEME-3', 5, 0.6751350662203579, 280000.0, 154800.0, 18.6709096, 0.469144853024453, 0.9568181818181818, 0.04318181818181818, 0.23636363636363636, 'statistics.mean(avg_fn)', 400, 10, 'anr', 0, 5, 109287.23621722712, 15.102127779119769, 0.08797229791163107, 0.06034508203341707, 0.06034508203341706, 0.25185263958536486, 'statistics.stdev(avg_fn)'
'/tmp/testmotif23224_400_10_5.fa', 'MEME-1', 4.6, 0.6751350662203579, 120000.0, 724180.0, 20.800002000000003, 0.46222625023956393, 0.9266666666666666, 0.07333333333333333, 0.2, 'statistics.mean(avg_fn)', 400, 10, 'anr', 1, 5, 1442715.915209921, 10.87175434325206, 0.08516502545570971, 0.10110500592068732, 0.10110500592068734, 0.27386127875258304, 'statistics.stdev(avg_fn)'
'/tmp/testmotif23224_400_10_5.fa', 'MEME-2', 6.4, 0.6751350662203579, 120000.0, 707240.0, 15.818571999999998, 0.431542547774065, 0.7814285714285715, 0.21857142857142858, 0.0, 'statistics.mean(avg_fn)', 400, 10, 'anr', 1, 5, 1449754.2853876997, 10.59217858119471, 0.1045764735271276, 0.30985513402497084, 0.30985513402497084, 0.0, 'statistics.stdev(avg_fn)'
'/tmp/testmotif23224_400_10_5.fa', 'MEME-3', 4.6, 0.6751350662203579, 120000.0, 749800.0, 20.430002599999998, 0.4502115709615384, 0.8666666666666667, 0.13333333333333333, 0.14, 'statistics.mean(avg_fn)', 400, 10, 'anr', 1, 5, 1426483.508492124, 14.388264403847801, 0.0829423026350542, 0.2173067468400883, 0.2173067468400883, 0.21908902300206645, 'statistics.stdev(avg_fn)'
'/tmp/testmotif23224_400_15_5.fa', 'MEME-1', 11.8, 0.6751350662203579, 300000.0, 32422.08, 14.186667600000002, 0.6139547260800311, 0.5666666666666667, 0.4333333333333333, 0.03076923076923077, 'statistics.mean(avg_fn)', 400, 15, 'zoops', 0, 5, 51837.374808066816, 4.497319812708488, 0.2522868076018088, 0.39581140290126393, 0.3958114029012639, 0.06880209161537815, 'statistics.stdev(avg_fn)'
'/tmp/testmotif23224_400_15_5.fa', 'MEME-2', 8.2, 0.6751350662203579, 300000.0, 315400.0, 11.5966672, 0.45721744184704183, 0.8683333333333333, 0.13166666666666665, 0.013333333333333332, 'statistics.mean(avg_fn)', 400, 15, 'zoops', 0, 5, 553579.0819747437, 6.4881348427555965, 0.23554187289845172, 0.2309701760449219, 0.23097017604492193, 0.029814239699997195, 'statistics.stdev(avg_fn)'
'/tmp/testmotif23224_400_15_5.fa', 'MEME-3', 7.6, 0.6751350662203579, 300000.0, 590600.0, 17.051919199999997, 0.3613165878289526, 1.0, 0.0, 0.08444444444444445, 'statistics.mean(avg_fn)', 400, 15, 'zoops', 0, 5, 854609.1504307686, 16.686215607394054, 0.14685787257908312, 0.0, 0.0, 0.1158969316480471, 'statistics.stdev(avg_fn)'
'/tmp/testmotif23224_400_15_5.fa', 'MEME-1', 11.2, 0.6751350662203579, 26000.0, 23684.0, 16.580001199999998, 0.4849391977777777, 0.55, 0.45, 0.11555555555555555, 'statistics.mean(avg_fn)', 400, 15, 'zoops', 1, 5, 40819.05229179139, 10.670588028886842, 0.228443483704356, 0.3640054944640259, 0.36400549446402586, 0.11904973543092331, 'statistics.stdev(avg_fn)'
'/tmp/testmotif23224_400_15_5.fa', 'MEME-2', 7.2, 0.6751350662203579, 26000.0, 54780.0, 19.4727272, 0.5408426547452547, 0.9, 0.1, 0.1185064935064935, 'statistics.mean(avg_fn)', 400, 15, 'zoops', 1, 5, 56480.89942626622, 6.12977768178416, 0.11101067377184066, 0.22360679774997896, 0.223606797749979, 0.12257299792865368, 'statistics.stdev(avg_fn)'
'/tmp/testmotif23224_400_15_5.fa', 'MEME-3', 6.6, 0.6751350662203579, 26000.0, 98600.0, 20.857142999999994, 0.4217046883603238, 0.96, 0.04, 0.18357142857142858, 'statistics.mean(avg_fn)', 400, 15, 'zoops', 1, 5, 147077.5305748638, 19.146644741631484, 0.09373554670185534, 0.08944271909999157, 0.08944271909999159, 0.05010193690500052, 'statistics.stdev(avg_fn)'
'/tmp/testmotif23224_400_15_5.fa', 'MEME-1', 15, 0.6751350662203579, 560000.0, 15600.10162196, 14.6866676, 0.7421212565656566, 0.29333333333333333, 0.7066666666666667, 0.13333333333333333, 'statistics.mean(avg_fn)', 400, 15, 'oops', 0, 5, 34882.60364112702, 6.076348461041574, 0.29544744712127785, 0.1534781924429512, 0.1534781924429512, 0.08164965809277261, 'statistics.stdev(avg_fn)'
'/tmp/testmotif23224_400_15_5.fa', 'MEME-2', 15, 0.6751350662203579, 560000.0, 25428760.0, 10.6200004, 0.42484901572649575, 1.0, 0.0, 0.13333333333333333, 'statistics.mean(avg_fn)', 400, 15, 'oops', 0, 5, 47531312.082541965, 3.93627080595064, 0.06936720181163075, 0.0, 0.0, 0.08164965809277261, 'statistics.stdev(avg_fn)'
'/tmp/testmotif23224_400_15_5.fa', 'MEME-3', 15, 0.6751350662203579, 560000.0, 163112000.0, 11.4799992, 0.44425203203463204, 1.0, 0.0, 0.14666666666666667, 'statistics.mean(avg_fn)', 400, 15, 'oops', 0, 5, 263746891.39400297, 7.319363478625153, 0.08722757895015698, 0.0, 0.0, 0.09888264649460884, 'statistics.stdev(avg_fn)'
'/tmp/testmotif23224_400_15_5.fa', 'MEME-1', 15, 0.6751350662203579, 4300000.0, 204261.4078, 8.7133342, 0.3462592944444444, 0.41333333333333333, 0.5866666666666667, 0.10666666666666666, 'statistics.mean(avg_fn)', 400, 15, 'oops', 1, 5, 382553.2892509265, 5.5874167261011785, 0.1462365123885491, 0.3069563848859024, 0.3069563848859024, 0.03651483716701107, 'statistics.stdev(avg_fn)'
'/tmp/testmotif23224_400_15_5.fa', 'MEME-2', 15, 0.6751350662203579, 4300000.0, 4914600.0, 9.800000599999999, 0.4996633343434343, 0.84, 0.16, 0.10666666666666666, 'statistics.mean(avg_fn)', 400, 15, 'oops', 1, 5, 4847908.394349052, 4.485408442321256, 0.2317969878319852, 0.2890597785157173, 0.2890597785157173, 0.03651483716701107, 'statistics.stdev(avg_fn)'
'/tmp/testmotif23224_400_15_5.fa', 'MEME-3', 15, 0.6751350662203579, 4300000.0, 123820000.0, 11.2333338, 0.43828285030303027, 1.0, 0.0, 0.10666666666666666, 'statistics.mean(avg_fn)', 400, 15, 'oops', 1, 5, 219500984.05246386, 3.3918196550268855, 0.05743538681297924, 0.0, 0.0, 0.03651483716701107, 'statistics.stdev(avg_fn)'
'/tmp/testmotif23224_400_15_5.fa', 'MEME-1', 10.8, 0.6751350662203579, 400000.0, 110814.0, 13.2320742, 0.4073187917316017, 0.67825311942959, 0.32174688057041, 0.12251931075460487, 'statistics.mean(avg_fn)', 400, 15, 'anr', 0, 5, 218058.18255685797, 9.986020831005396, 0.18313329223749297, 0.34591210828386537, 0.34591210828386537, 0.12504879472584762, 'statistics.stdev(avg_fn)'
'/tmp/testmotif23224_400_15_5.fa', 'MEME-2', 9.2, 0.6751350662203579, 400000.0, 466220.0, 23.0300014, 0.5447971745586527, 0.855, 0.145, 0.12777777777777777, 'statistics.mean(avg_fn)', 400, 15, 'anr', 0, 5, 915599.9137177767, 14.868433484903704, 0.16740141696592734, 0.26004807247891687, 0.26004807247891687, 0.12044157438154887, 'statistics.stdev(avg_fn)'
'/tmp/testmotif23224_400_15_5.fa', 'MEME-3', 4.4, 0.6751350662203579, 400000.0, 1538660.0, 16.06889, 0.3868976402168402, 0.8333333333333334, 0.16666666666666666, 0.19999999999999998, 'statistics.mean(avg_fn)', 400, 15, 'anr', 0, 5, 2423155.892219896, 13.644638808491836, 0.1255763754432862, 0.23570226039551584, 0.23570226039551584, 0.29814239699997197, 'statistics.stdev(avg_fn)'
'/tmp/testmotif23224_400_15_5.fa', 'MEME-1', 9.2, 0.6751350662203579, 98000.0, 22220.007, 21.705785600000002, 0.5776597758516197, 0.5152447552447552, 0.48475524475524473, 0.0, 'statistics.mean(avg_fn)', 400, 15, 'anr', 1, 5, 21887.019238586257, 14.90160095128382, 0.28077280898945467, 0.3014089041446472, 0.30140890414464727, 0.0, 'statistics.stdev(avg_fn)'
'/tmp/testmotif23224_400_15_5.fa', 'MEME-2', 7.8, 0.6751350662203579, 98000.0, 21260.0, 22.735004000000004, 0.5102052316249142, 0.9333333333333333, 0.06666666666666667, 0.058333333333333334, 'statistics.mean(avg_fn)', 400, 15, 'anr', 1, 5, 25678.551361009446, 7.624406863270219, 0.016615044439109123, 0.09128709291752767, 0.09128709291752768, 0.08122328620674137, 'statistics.stdev(avg_fn)'
'/tmp/testmotif23224_400_15_5.fa', 'MEME-3', 6.6, 0.6751350662203579, 98000.0, 160200.0, 22.1895268, 0.46429280573029136, 0.9666666666666667, 0.03333333333333333, 0.07333333333333333, 'statistics.mean(avg_fn)', 400, 15, 'anr', 1, 5, 129182.8161947246, 9.930966550086236, 0.11867063112710596, 0.07453559924999298, 0.07453559924999299, 0.10110500592068734, 'statistics.stdev(avg_fn)'
'/tmp/testmotif23224_400_20_5.fa', 'MEME-1', 18.8, 0.6751350662203579, 170000.0, 78.27388, 8.7028574, 0.44386725555555556, 0.24142857142857144, 0.7585714285714286, 0.09428571428571429, 'statistics.mean(avg_fn)', 400, 20, 'zoops', 0, 5, 174.26076917445303, 5.564752462928949, 0.3040117709061516, 0.16853207773148055, 0.16853207773148052, 0.08008286524670835, 'statistics.stdev(avg_fn)'
'/tmp/testmotif23224_400_20_5.fa', 'MEME-2', 6.6, 0.6751350662203579, 170000.0, 166000.0, 12.2171438, 0.38886416406926405, 1.0, 0.0, 0.14238095238095239, 'statistics.mean(avg_fn)', 400, 20, 'zoops', 0, 5, 238339.04422062283, 6.665749176582869, 0.10569984698568688, 0.0, 0.0, 0.17976111636534775, 'statistics.stdev(avg_fn)'
'/tmp/testmotif23224_400_20_5.fa', 'MEME-3', 6.6, 0.6751350662203579, 170000.0, 252000.0, 13.7166668, 0.44783744741924747, 1.0, 0.0, 0.08333333333333333, 'statistics.mean(avg_fn)', 400, 20, 'zoops', 0, 5, 142372.75020171521, 6.159409867565821, 0.08875897764326265, 0.0, 0.0, 0.11785113019775792, 'statistics.stdev(avg_fn)'
'/tmp/testmotif23224_400_20_5.fa', 'MEME-1', 19.2, 0.6751350662203579, 460000.0, 2.2720000000000002, 12.4163472, 0.6254275836363636, 0.23845201238390093, 0.7615479876160991, 0.04176470588235294, 'statistics.mean(avg_fn)', 400, 20, 'zoops', 1, 5, 1.925855653988637, 7.642591402897659, 0.37675781353815896, 0.08883699841873487, 0.08883699841873485, 0.0425404346629754, 'statistics.stdev(avg_fn)'
'/tmp/testmotif23224_400_20_5.fa', 'MEME-2', 8, 0.6751350662203579, 460000.0, 203000.0, 23.5016152, 0.4641825103157895, 0.9400000000000001, 0.060000000000000005, 0.05858585858585859, 'statistics.mean(avg_fn)', 400, 20, 'zoops', 1, 5, 290513.3387643328, 20.0232512528121, 0.08488216624751156, 0.08944271909999157, 0.0894427190999916, 0.08402680542660776, 'statistics.stdev(avg_fn)'
'/tmp/testmotif23224_400_20_5.fa', 'MEME-3', 4.4, 0.6751350662203579, 460000.0, 324000.0, 22.2800004, 0.4109218057696642, 0.88, 0.12, 0.04, 'statistics.mean(avg_fn)', 400, 20, 'zoops', 1, 5, 159781.1002590732, 16.86718676069014, 0.11980870938557898, 0.216794833886788, 0.216794833886788, 0.08944271909999159, 'statistics.stdev(avg_fn)'
'/tmp/testmotif23224_400_20_5.fa', 'MEME-1', 20, 0.6751350662203579, 550000000.0, 11000340.0294, 13.68, 0.5611832611832611, 0.37, 0.63, 0.09, 'statistics.mean(avg_fn)', 400, 20, 'oops', 0, 5, 24596557.681299128, 9.537924302488463, 0.33885521615826236, 0.23075961518428653, 0.23075961518428653, 0.05477225575051661, 'statistics.stdev(avg_fn)'
'/tmp/testmotif23224_400_20_5.fa', 'MEME-2', 20, 0.6751350662203579, 550000000.0, 39638000.0, 7.76, 0.39515151515151514, 1.0, 0.0, 0.11, 'statistics.mean(avg_fn)', 400, 20, 'oops', 0, 5, 56767466.21085003, 1.092245393673052, 0.020197600526646146, 0.0, 0.0, 0.04183300132670377, 'statistics.stdev(avg_fn)'
'/tmp/testmotif23224_400_20_5.fa', 'MEME-3', 20, 0.6751350662203579, 550000000.0, 1948008600.0, 9.6, 0.3892929292929293, 1.0, 0.0, 0.09, 'statistics.mean(avg_fn)', 400, 20, 'oops', 0, 5, 2597350210.9592, 4.635191473930716, 0.11159982055068093, 0.0, 0.0, 0.05477225575051661, 'statistics.stdev(avg_fn)'
'/tmp/testmotif23224_400_20_5.fa', 'MEME-1', 20, 0.6751350662203579, 72000000000.0, 86000002.800656, 8.86, 0.4922222222222222, 0.51, 0.49, 0.16, 'statistics.mean(avg_fn)', 400, 20, 'oops', 1, 5, 170821542.54618767, 6.009409288773732, 0.33385607159854064, 0.2945335295004628, 0.2945335295004628, 0.09617692030835673, 'statistics.stdev(avg_fn)'
'/tmp/testmotif23224_400_20_5.fa', 'MEME-2', 20, 0.6751350662203579, 72000000000.0, 769232000.0, 12.2, 0.4738181818181818, 0.98, 0.02, 0.18, 'statistics.mean(avg_fn)', 400, 20, 'oops', 1, 5, 955312341.1324697, 4.221374183841086, 0.0857017700425712, 0.02738612787525833, 0.027386127875258306, 0.10954451150103323, 'statistics.stdev(avg_fn)'
'/tmp/testmotif23224_400_20_5.fa', 'MEME-3', 20, 0.6751350662203579, 72000000000.0, 15595600000.0, 7.18, 0.36434343434343436, 1.0, 0.0, 0.18, 'statistics.mean(avg_fn)', 400, 20, 'oops', 1, 5, 31575751088.453938, 1.4652644812456208, 0.04278436618196997, 0.0, 0.0, 0.09082951062292476, 'statistics.stdev(avg_fn)'
'/tmp/testmotif23224_400_20_5.fa', 'MEME-1', 11.2, 0.6751350662203579, 13000000.0, 42370.6, 13.7724558, 0.5494142111111111, 0.4792982456140351, 0.5207017543859649, 0.0625, 'statistics.mean(avg_fn)', 400, 20, 'anr', 0, 5, 82779.82747505578, 6.277660361079293, 0.3044396506494349, 0.3968823757624266, 0.3968823757624265, 0.10825317547305482, 'statistics.stdev(avg_fn)'
'/tmp/testmotif23224_400_20_5.fa', 'MEME-2', 4, 0.6751350662203579, 13000000.0, 5240000.0, 9.3300002, 0.364319353986014, 0.9333333333333333, 0.06666666666666667, 0.15, 'statistics.mean(avg_fn)', 400, 20, 'anr', 0, 5, 6638844.02588282, 3.1669389376810226, 0.08517888843508215, 0.14907119849998599, 0.14907119849998599, 0.22360679774997896, 'statistics.stdev(avg_fn)'
'/tmp/testmotif23224_400_20_5.fa', 'MEME-3', 4.6, 0.6751350662203579, 13000000.0, 5476000.0, 11.4588884, 0.396525771291866, 0.9555555555555556, 0.04444444444444444, 0.21944444444444444, 'statistics.mean(avg_fn)', 400, 20, 'anr', 0, 5, 6438736.677330422, 6.259091113594114, 0.10591205951085292, 0.09938079899999065, 0.09938079899999064, 0.22317504064171714, 'statistics.stdev(avg_fn)'
'/tmp/testmotif23224_400_20_5.fa', 'MEME-1', 9.8, 0.6751350662203579, 170000.0, 186552.0, 15.400683399999997, 0.6281503575095785, 0.335042735042735, 0.6649572649572649, 0.0, 'statistics.mean(avg_fn)', 400, 20, 'anr', 1, 5, 393579.91852989653, 8.703812684745273, 0.3096182980062944, 0.39225089434846977, 0.3922508943484697, 0.0, 'statistics.stdev(avg_fn)'
'/tmp/testmotif23224_400_20_5.fa', 'MEME-2', 7.2, 0.6751350662203579, 170000.0, 1666800.0, 17.607777, 0.44110027113093797, 0.8666666666666667, 0.13333333333333333, 0.04722222222222222, 'statistics.mean(avg_fn)', 400, 20, 'anr', 1, 5, 3429561.3713709805, 11.794211506400838, 0.11349979156214483, 0.29814239699997197, 0.29814239699997197, 0.06484787516627084, 'statistics.stdev(avg_fn)'
'/tmp/testmotif23224_400_20_5.fa', 'MEME-3', 6.8, 0.6751350662203579, 170000.0, 1920000.0, 15.573636399999998, 0.439729439047619, 0.975, 0.025, 0.07954545454545454, 'statistics.mean(avg_fn)', 400, 20, 'anr', 1, 5, 3512997.29575757, 6.878974679923219, 0.042291615800239955, 0.05590169943749474, 0.05590169943749475, 0.12079711150834829, 'statistics.stdev(avg_fn)'
'/tmp/testmotif23224_500_10_5.fa', 'MEME-1', 9.2, 0.6751350662203579, 120000.0, 84901.02164, 14.912698200000001, 0.7365871351515152, 0.3358730158730159, 0.6641269841269841, 0.02, 'statistics.mean(avg_fn)', 500, 10, 'zoops', 0, 5, 187333.96158227112, 2.087456006376949, 0.20316083965737408, 0.31623692844219947, 0.3162369284421995, 0.044721359549995794, 'statistics.stdev(avg_fn)'
'/tmp/testmotif23224_500_10_5.fa', 'MEME-2', 8.6, 0.6751350662203579, 120000.0, 765560.0, 8.8666668, 0.35844763774587984, 0.92, 0.08, 0.02, 'statistics.mean(avg_fn)', 500, 10, 'zoops', 0, 5, 1640639.6825628716, 3.3929668449767085, 0.05270171436851654, 0.1788854381999832, 0.17888543819998318, 0.044721359549995794, 'statistics.stdev(avg_fn)'
'/tmp/testmotif23224_500_10_5.fa', 'MEME-3', 8, 0.6751350662203579, 120000.0, 526420.0, 15.3800002, 0.4546573498001998, 1.0, 0.0, 0.0, 'statistics.mean(avg_fn)', 500, 10, 'zoops', 0, 5, 1048127.5599849477, 8.402201991740034, 0.08977617366690537, 0.0, 0.0, 0.0, 'statistics.stdev(avg_fn)'
'/tmp/testmotif23224_500_10_5.fa', 'MEME-1', 9, 0.6751350662203579, 130000.0, 7350.42, 18.279999999999998, 0.5430386624869383, 0.74, 0.26, 0.04, 'statistics.mean(avg_fn)', 500, 10, 'zoops', 1, 5, 11514.490148591036, 7.250999931043992, 0.156629641078996, 0.35777087639996635, 0.35777087639996635, 0.05477225575051661, 'statistics.stdev(avg_fn)'
'/tmp/testmotif23224_500_10_5.fa', 'MEME-2', 8.8, 0.6751350662203579, 130000.0, 14964.0, 10.257777599999999, 0.3879076398268398, 0.8377777777777777, 0.1622222222222222, 0.04, 'statistics.mean(avg_fn)', 500, 10, 'zoops', 1, 5, 15537.775902618752, 5.150892355243779, 0.12743310078708356, 0.3044525546365005, 0.3044525546365005, 0.05477225575051661, 'statistics.stdev(avg_fn)'
'/tmp/testmotif23224_500_10_5.fa', 'MEME-3', 5.4, 0.6751350662203579, 130000.0, 93600.0, 21.1800012, 0.45304048794425084, 0.9333333333333333, 0.06666666666666667, 0.04, 'statistics.mean(avg_fn)', 500, 10, 'zoops', 1, 5, 57404.70364003284, 13.008428546053635, 0.07429058089144054, 0.14907119849998599, 0.14907119849998599, 0.08944271909999159, 'statistics.stdev(avg_fn)'
'/tmp/testmotif23224_500_10_5.fa', 'MEME-1', 10, 0.6751350662203579, 870000.0, 2665800.0, 11.86, 0.42632539682539683, 0.88, 0.12000000000000001, 0.12, 'statistics.mean(avg_fn)', 500, 10, 'oops', 0, 5, 5229912.637893677, 5.713405289317397, 0.060783014320877314, 0.17888543819998318, 0.1788854381999832, 0.130384048104053, 'statistics.stdev(avg_fn)'
'/tmp/testmotif23224_500_10_5.fa', 'MEME-2', 10, 0.6751350662203579, 870000.0, 2059400.0, 9.84, 0.37656565656565655, 0.96, 0.04, 0.08, 'statistics.mean(avg_fn)', 500, 10, 'oops', 0, 5, 3893035.037088672, 5.814034743618238, 0.07911628654876049, 0.08944271909999157, 0.08944271909999159, 0.08366600265340757, 'statistics.stdev(avg_fn)'
'/tmp/testmotif23224_500_10_5.fa', 'MEME-3', 10, 0.6751350662203579, 870000.0, 9074000.0, 7.14, 0.3639393939393939, 0.96, 0.04, 0.08, 'statistics.mean(avg_fn)', 500, 10, 'oops', 0, 5, 16765735.295536548, 1.4117365193264642, 0.05954736077002952, 0.0547722557505166, 0.05477225575051661, 0.08366600265340757, 'statistics.stdev(avg_fn)'
'/tmp/testmotif23224_500_10_5.fa', 'MEME-1', 10, 0.6751350662203579, 1500000.0, 474018.2, 10.459999999999999, 0.4407082917082917, 0.8, 0.2, 0.060000000000000005, 'statistics.mean(avg_fn)', 500, 10, 'oops', 1, 5, 492552.976497148, 2.497598846892751, 0.06581702884168822, 0.34641016151377546, 0.3464101615137755, 0.05477225575051661, 'statistics.stdev(avg_fn)'
'/tmp/testmotif23224_500_10_5.fa', 'MEME-2', 10, 0.6751350662203579, 1500000.0, 1339200.0, 8.639999999999999, 0.368040404040404, 0.98, 0.02, 0.060000000000000005, 'statistics.mean(avg_fn)', 500, 10, 'oops', 1, 5, 2224099.5256507746, 3.4529697363284253, 0.0907685389352655, 0.04472135954999579, 0.044721359549995794, 0.05477225575051661, 'statistics.stdev(avg_fn)'
'/tmp/testmotif23224_500_10_5.fa', 'MEME-3', 10, 0.6751350662203579, 1500000.0, 2272000.0, 10.78, 0.4448383838383838, 0.96, 0.04, 0.060000000000000005, 'statistics.mean(avg_fn)', 500, 10, 'oops', 1, 5, 1500973.017745489, 3.2583738275403573, 0.04338822428177816, 0.0547722557505166, 0.05477225575051661, 0.05477225575051661, 'statistics.stdev(avg_fn)'
'/tmp/testmotif23224_500_10_5.fa', 'MEME-1', 6.6, 0.6751350662203579, 260000.0, 125120.0, 14.760001800000001, 0.42690751038961045, 0.975, 0.025, 0.13833333333333334, 'statistics.mean(avg_fn)', 500, 10, 'anr', 0, 5, 114480.88049975857, 6.868909774565482, 0.10482780577810201, 0.05590169943749474, 0.05590169943749475, 0.20879947850083874, 'statistics.stdev(avg_fn)'
'/tmp/testmotif23224_500_10_5.fa', 'MEME-2', 8.6, 0.6751350662203579, 260000.0, 122200.0, 20.034999999999997, 0.6182675654653875, 0.6833333333333333, 0.31666666666666665, 0.14, 'statistics.mean(avg_fn)', 500, 10, 'anr', 0, 5, 48416.939184545736, 5.533296937631302, 0.18395880070960824, 0.4346134936801766, 0.4346134936801766, 0.0945383520059452, 'statistics.stdev(avg_fn)'
'/tmp/testmotif23224_500_10_5.fa', 'MEME-3', 4.6, 0.6751350662203579, 260000.0, 211600.0, 11.991112, 0.3710012746027918, 0.7527777777777778, 0.24722222222222223, 0.14444444444444443, 'statistics.mean(avg_fn)', 500, 10, 'anr', 0, 5, 103840.261941118, 10.669499284536268, 0.09919063979791316, 0.42496368762809505, 0.42496368762809505, 0.2208289657150199, 'statistics.stdev(avg_fn)'
'/tmp/testmotif23224_500_10_5.fa', 'MEME-1', 7.2, 0.6751350662203579, 380000.0, 98940.0, 11.0127272, 0.4716161575757576, 0.8268181818181818, 0.1731818181818182, 0.05, 'statistics.mean(avg_fn)', 500, 10, 'anr', 1, 5, 113552.26990245505, 4.4992819769491215, 0.1481057553158481, 0.15526570135264559, 0.15526570135264559, 0.1118033988749895, 'statistics.stdev(avg_fn)'
'/tmp/testmotif23224_500_10_5.fa', 'MEME-2', 5.6, 0.6751350662203579, 380000.0, 143200.0, 19.949999999999996, 0.4951640959845294, 0.885, 0.115, 0.1, 'statistics.mean(avg_fn)', 500, 10, 'anr', 1, 5, 170918.6941209182, 11.811117643982717, 0.13409311168605118, 0.1691892431568863, 0.1691892431568863, 0.223606797749979, 'statistics.stdev(avg_fn)'
'/tmp/testmotif23224_500_10_5.fa', 'MEME-3', 3.8, 0.6751350662203579, 380000.0, 1203400.0, 15.819999999999999, 0.5451024531024531, 0.68, 0.32, 0.1, 'statistics.mean(avg_fn)', 500, 10, 'anr', 1, 5, 2239191.1039480306, 7.124745609493715, 0.20609295701805402, 0.4604345773288535, 0.4604345773288535, 0.223606797749979, 'statistics.stdev(avg_fn)'
'/tmp/testmotif23224_500_15_5.fa', 'MEME-1', 12.8, 0.6751350662203579, 110000.0, 18682.0, 10.546668200000001, 0.5336701101010101, 0.56, 0.44, 0.09333333333333334, 'statistics.mean(avg_fn)', 500, 15, 'zoops', 0, 5, 39323.198242258986, 5.971627535828963, 0.3207300401347197, 0.4125799585804214, 0.4125799585804214, 0.1115546702045434, 'statistics.stdev(avg_fn)'
'/tmp/testmotif23224_500_15_5.fa', 'MEME-2', 9.4, 0.6751350662203579, 110000.0, 27840.0, 15.833335599999998, 0.4167198034482758, 0.9333333333333333, 0.06666666666666667, 0.13, 'statistics.mean(avg_fn)', 500, 15, 'zoops', 0, 5, 34545.37595684841, 10.8041177433021, 0.1025520228515208, 0.14907119849998599, 0.14907119849998599, 0.08692269873603532, 'statistics.stdev(avg_fn)'
'/tmp/testmotif23224_500_15_5.fa', 'MEME-3', 8.2, 0.6751350662203579, 110000.0, 166000.0, 13.673334800000001, 0.4149625593301436, 0.9444444444444444, 0.05555555555555555, 0.08, 'statistics.mean(avg_fn)', 500, 15, 'zoops', 0, 5, 82643.81404557754, 5.733644795125497, 0.06758647261491992, 0.07856742013183861, 0.07856742013183861, 0.14452988925785865, 'statistics.stdev(avg_fn)'
'/tmp/testmotif23224_500_15_5.fa', 'MEME-1', 12.6, 0.6751350662203579, 560000.0, 24821.6, 20.64143, 0.6750810507936508, 0.5285714285714286, 0.4714285714285714, 0.0669047619047619, 'statistics.mean(avg_fn)', 500, 15, 'zoops', 1, 5, 31005.835528171145, 4.503087002143586, 0.19703475622437505, 0.4090806018078958, 0.4090806018078958, 0.06726137800046578, 'statistics.stdev(avg_fn)'
'/tmp/testmotif23224_500_15_5.fa', 'MEME-2', 10.2, 0.6751350662203579, 560000.0, 191200.0, 21.9200006, 0.508708790138354, 0.95, 0.05, 0.115, 'statistics.mean(avg_fn)', 500, 15, 'zoops', 1, 5, 194745.2181697923, 15.194284874510512, 0.04810835734494237, 0.11180339887498948, 0.1118033988749895, 0.09249624617007739, 'statistics.stdev(avg_fn)'
'/tmp/testmotif23224_500_15_5.fa', 'MEME-3', 7.4, 0.6751350662203579, 560000.0, 446000.0, 12.6790478, 0.42607953835164836, 1.0, 0.0, 0.1269047619047619, 'statistics.mean(avg_fn)', 500, 15, 'zoops', 1, 5, 188759.1057406238, 6.495863696347405, 0.0527931065555213, 0.0, 0.0, 0.07630014428649916, 'statistics.stdev(avg_fn)'
'/tmp/testmotif23224_500_15_5.fa', 'MEME-1', 15, 0.6751350662203579, 220000000.0, 9862.0, 11.5533342, 0.6051515626262627, 0.32, 0.68, 0.12000000000000001, 'statistics.mean(avg_fn)', 500, 15, 'oops', 0, 5, 10495.43805660345, 7.108234613695282, 0.3591269494167023, 0.14452988925785865, 0.14452988925785867, 0.07302967433402216, 'statistics.stdev(avg_fn)'
'/tmp/testmotif23224_500_15_5.fa', 'MEME-2', 15, 0.6751350662203579, 220000000.0, 48432000.0, 8.540000599999999, 0.40322225666666667, 0.9866666666666667, 0.013333333333333332, 0.12000000000000001, 'statistics.mean(avg_fn)', 500, 15, 'oops', 0, 5, 101545586.41319671, 3.6474033573368057, 0.10949029544722558, 0.029814239699997188, 0.029814239699997195, 0.07302967433402216, 'statistics.stdev(avg_fn)'
'/tmp/testmotif23224_500_15_5.fa', 'MEME-3', 15, 0.6751350662203579, 220000000.0, 100160000.0, 9.266667, 0.4068821808080808, 0.9733333333333334, 0.026666666666666665, 0.13333333333333333, 'statistics.mean(avg_fn)', 500, 15, 'oops', 0, 5, 119334270.01494583, 4.242508604718852, 0.10610333361593409, 0.059628479399994376, 0.05962847939999439, 0.06666666666666668, 'statistics.stdev(avg_fn)'
'/tmp/testmotif23224_500_15_5.fa', 'MEME-1', 15, 0.6751350662203579, 51000000.0, 916000.0, 13.613333200000001, 0.481962485974026, 0.84, 0.16, 0.08, 'statistics.mean(avg_fn)', 500, 15, 'oops', 1, 5, 1018371.2486122141, 5.855320433778811, 0.059425329782610115, 0.1801234144814173, 0.18012341448141728, 0.029814239699997195, 'statistics.stdev(avg_fn)'
'/tmp/testmotif23224_500_15_5.fa', 'MEME-2', 15, 0.6751350662203579, 51000000.0, 12118000.0, 16.459999999999997, 0.495008282406015, 0.96, 0.04, 0.08, 'statistics.mean(avg_fn)', 500, 15, 'oops', 1, 5, 12291709.401055656, 6.085199973432958, 0.0820766657748558, 0.036514837167011066, 0.03651483716701107, 0.029814239699997195, 'statistics.stdev(avg_fn)'
'/tmp/testmotif23224_500_15_5.fa', 'MEME-3', 15, 0.6751350662203579, 51000000.0, 28340000.0, 8.800001, 0.4575758070707071, 0.8266666666666667, 0.1733333333333333, 0.08, 'statistics.mean(avg_fn)', 500, 15, 'oops', 1, 5, 29755134.010788795, 3.6216941891883976, 0.21618090227732986, 0.31481917208313587, 0.3148191720831358, 0.029814239699997195, 'statistics.stdev(avg_fn)'
'/tmp/testmotif23224_500_15_5.fa', 'MEME-1', 9.2, 0.6751350662203579, 170000.0, 79864.82, 16.9517162, 0.6868307655555556, 0.4348484848484849, 0.5651515151515152, 0.05, 'statistics.mean(avg_fn)', 500, 15, 'anr', 0, 5, 173413.63487515046, 3.293367715480342, 0.2396396585541804, 0.5171418769011187, 0.5171418769011187, 0.1118033988749895, 'statistics.stdev(avg_fn)'
'/tmp/testmotif23224_500_15_5.fa', 'MEME-2', 8.4, 0.6751350662203579, 170000.0, 106740.0, 26.620389199999998, 0.4967844054212454, 0.9418181818181818, 0.05818181818181818, 0.0, 'statistics.mean(avg_fn)', 500, 15, 'anr', 0, 5, 136654.9962496798, 14.662270001208919, 0.03867035474769621, 0.0885139014155497, 0.08851390141554973, 0.0, 'statistics.stdev(avg_fn)'
'/tmp/testmotif23224_500_15_5.fa', 'MEME-3', 5.6, 0.6751350662203579, 170000.0, 363980.0, 13.8476198, 0.4256521089428116, 0.9666666666666667, 0.03333333333333333, 0.075, 'statistics.mean(avg_fn)', 500, 15, 'anr', 0, 5, 436923.7370525891, 4.729054370952528, 0.06910677409738578, 0.07453559924999298, 0.07453559924999299, 0.16770509831248423, 'statistics.stdev(avg_fn)'
'/tmp/testmotif23224_500_15_5.fa', 'MEME-1', 6.8, 0.6751350662203579, 11000000.0, 781807.0, 21.1999998, 0.4221280755351021, 0.85, 0.15, 0.12333333333333334, 'statistics.mean(avg_fn)', 500, 15, 'anr', 1, 5, 1471706.6687166297, 15.665744921466217, 0.16386466281857984, 0.33541019662496846, 0.33541019662496846, 0.1164283279771532, 'statistics.stdev(avg_fn)'
'/tmp/testmotif23224_500_15_5.fa', 'MEME-2', 8.4, 0.6751350662203579, 11000000.0, 2080000.0, 22.6539418, 0.4374267691491841, 0.74, 0.26, 0.11818181818181818, 'statistics.mean(avg_fn)', 500, 15, 'anr', 1, 5, 4371970.894230655, 15.765223613362995, 0.12541672013676602, 0.31126980079810007, 0.3112698007981, 0.07743595357079174, 'statistics.stdev(avg_fn)'
'/tmp/testmotif23224_500_15_5.fa', 'MEME-3', 5.2, 0.6751350662203579, 11000000.0, 2446000.0, 14.1799994, 0.39869459697722565, 0.9833333333333333, 0.016666666666666666, 0.016666666666666666, 'statistics.mean(avg_fn)', 500, 15, 'anr', 1, 5, 4786003.552025426, 6.241153701039721, 0.09354822026866852, 0.03726779962499651, 0.037267799624996496, 0.037267799624996496, 'statistics.stdev(avg_fn)'
'/tmp/testmotif23224_500_20_5.fa', 'MEME-1', 15.2, 0.6751350662203579, 600000.0, 15183.200000194, 16.7913158, 0.8007364249206349, 0.3335526315789474, 0.6664473684210527, 0.085, 'statistics.mean(avg_fn)', 500, 20, 'zoops', 0, 5, 28530.695946517604, 1.2664894548112895, 0.21647699268146955, 0.38200124091544757, 0.38200124091544757, 0.08587782018658835, 'statistics.stdev(avg_fn)'
'/tmp/testmotif23224_500_20_5.fa', 'MEME-2', 9.2, 0.6751350662203579, 600000.0, 1490600.0, 14.230908799999998, 0.442480703030303, 1.0, 0.0, 0.07818181818181819, 'statistics.mean(avg_fn)', 500, 20, 'zoops', 0, 5, 2393763.5221550185, 5.297663104576129, 0.07671498110872259, 0.0, 0.0, 0.10332289114572213, 'statistics.stdev(avg_fn)'
'/tmp/testmotif23224_500_20_5.fa', 'MEME-3', 4.4, 0.6751350662203579, 600000.0, 4707600.0, 22.8866664, 0.4455214911479325, 1.0, 0.0, 0.02222222222222222, 'statistics.mean(avg_fn)', 500, 20, 'zoops', 0, 5, 8622690.780725006, 14.349769451961407, 0.0854811427529821, 0.0, 0.0, 0.04969039949999532, 'statistics.stdev(avg_fn)'
'/tmp/testmotif23224_500_20_5.fa', 'MEME-1', 16.6, 0.6751350662203579, 810000.0, 38801.8654000062, 15.5605556, 0.7130068389185977, 0.35083333333333333, 0.6491666666666667, 0.09777777777777777, 'statistics.mean(avg_fn)', 500, 20, 'zoops', 1, 5, 79164.50639947447, 3.91800577479115, 0.23401158159585284, 0.3699709072646418, 0.3699709072646418, 0.13819828302876547, 'statistics.stdev(avg_fn)'
'/tmp/testmotif23224_500_20_5.fa', 'MEME-2', 8.4, 0.6751350662203579, 810000.0, 3774620.0, 17.2871432, 0.40579762807017544, 0.88, 0.12, 0.10500000000000001, 'statistics.mean(avg_fn)', 500, 20, 'zoops', 1, 5, 7958657.19025515, 12.724937783208652, 0.12809572578158246, 0.2683281572999748, 0.2683281572999748, 0.10062305898749054, 'statistics.stdev(avg_fn)'
'/tmp/testmotif23224_500_20_5.fa', 'MEME-3', 4.8, 0.6751350662203579, 810000.0, 4361400.0, 6.873333000000001, 0.2817272593939394, 1.0, 0.0, 0.0, 'statistics.mean(avg_fn)', 500, 20, 'zoops', 1, 5, 8748904.777170682, 4.3818054415706325, 0.12029784625480575, 0.0, 0.0, 0.0, 'statistics.stdev(avg_fn)'
'/tmp/testmotif23224_500_20_5.fa', 'MEME-1', 20, 0.6751350662203579, 31000000.0, 1377.3016, 11.28, 0.5557575757575758, 0.33, 0.67, 0.05, 'statistics.mean(avg_fn)', 500, 20, 'oops', 0, 5, 3031.5946201306037, 6.836812122619723, 0.3418967362036549, 0.1890767040118904, 0.1890767040118904, 0.05, 'statistics.stdev(avg_fn)'
'/tmp/testmotif23224_500_20_5.fa', 'MEME-2', 20, 0.6751350662203579, 31000000.0, 13242000.0, 14.620000000000001, 0.4627445887445888, 0.99, 0.01, 0.05, 'statistics.mean(avg_fn)', 500, 20, 'oops', 0, 5, 20946857.043480296, 5.362089145100071, 0.08257229146271829, 0.022360679774997918, 0.022360679774997897, 0.05, 'statistics.stdev(avg_fn)'
'/tmp/testmotif23224_500_20_5.fa', 'MEME-3', 20, 0.6751350662203579, 31000000.0, 12388200000.0, 12.0, 0.49107070707070705, 1.0, 0.0, 0.08, 'statistics.mean(avg_fn)', 500, 20, 'oops', 0, 5, 21531133068.18756, 3.014133374620306, 0.04512329355513775, 0.0, 0.0, 0.057008771254956896, 'statistics.stdev(avg_fn)'
'/tmp/testmotif23224_500_20_5.fa', 'MEME-1', 20, 0.6751350662203579, 120000000.0, 1100.688, 10.620000000000001, 0.5042222222222222, 0.3, 0.7, 0.11, 'statistics.mean(avg_fn)', 500, 20, 'oops', 1, 5, 2348.6866327205084, 8.046862742709111, 0.3448063958474146, 0.15811388300841897, 0.15811388300841897, 0.09617692030835673, 'statistics.stdev(avg_fn)'
'/tmp/testmotif23224_500_20_5.fa', 'MEME-2', 20, 0.6751350662203579, 120000000.0, 483040000.0, 9.34, 0.42674747474747476, 0.99, 0.01, 0.12000000000000001, 'statistics.mean(avg_fn)', 500, 20, 'oops', 1, 5, 1071614659.2875631, 3.3440992808228653, 0.1047461207942652, 0.022360679774997918, 0.022360679774997897, 0.10368220676663861, 'statistics.stdev(avg_fn)'
'/tmp/testmotif23224_500_20_5.fa', 'MEME-3', 20, 0.6751350662203579, 120000000.0, 1358000000.0, 7.34, 0.352030303030303, 1.0, 0.0, 0.11, 'statistics.mean(avg_fn)', 500, 20, 'oops', 1, 5, 1997265130.1216872, 1.5306861206661537, 0.05850482466193364, 0.0, 0.0, 0.09617692030835673, 'statistics.stdev(avg_fn)'
'/tmp/testmotif23224_500_20_5.fa', 'MEME-1', 9.4, 0.6751350662203579, 1100000.0, 174494.0, 17.5377926, 0.4934496119138843, 0.6396103896103896, 0.36038961038961037, 0.07532467532467532, 'statistics.mean(avg_fn)', 500, 20, 'anr', 0, 5, 256643.98430510698, 11.815514709249308, 0.27124297811004183, 0.3908934500905117, 0.3908934500905117, 0.12402427414351502, 'statistics.stdev(avg_fn)'
'/tmp/testmotif23224_500_20_5.fa', 'MEME-2', 5.6, 0.6751350662203579, 1100000.0, 446200.0, 19.286667199999997, 0.4437422165188834, 1.0, 0.0, 0.04, 'statistics.mean(avg_fn)', 500, 20, 'anr', 0, 5, 359398.3861955977, 9.66458581546282, 0.06598471248480559, 0.0, 0.0, 0.08944271909999159, 'statistics.stdev(avg_fn)'
'/tmp/testmotif23224_500_20_5.fa', 'MEME-3', 3.6, 0.6751350662203579, 1100000.0, 572800.0, 10.851428599999998, 0.32388095309523807, 1.0, 0.0, 0.18571428571428572, 'statistics.mean(avg_fn)', 500, 20, 'anr', 0, 5, 480904.5643368339, 6.969346920945304, 0.11696456253578048, 0.0, 0.0, 0.25555062599997597, 'statistics.stdev(avg_fn)'
'/tmp/testmotif23224_500_20_5.fa', 'MEME-1', 12.8, 0.6751350662203579, 1300000.0, 4440.0, 9.3984518, 0.4662188953846154, 0.3667476383265857, 0.6332523616734144, 0.0, 'statistics.mean(avg_fn)', 500, 20, 'anr', 1, 5, 6668.448095321729, 6.980932772218138, 0.35983960373892665, 0.38500344558838956, 0.38500344558838956, 0.0, 'statistics.stdev(avg_fn)'
'/tmp/testmotif23224_500_20_5.fa', 'MEME-2', 8.8, 0.6751350662203579, 1300000.0, 197440.0, 23.158333000000002, 0.45701658658008665, 0.9111111111111111, 0.08888888888888888, 0.0125, 'statistics.mean(avg_fn)', 500, 20, 'anr', 1, 5, 280862.186846147, 20.619649163648376, 0.10491867182489843, 0.1987615979999813, 0.19876159799998128, 0.027950849718747374, 'statistics.stdev(avg_fn)'
'/tmp/testmotif23224_500_20_5.fa', 'MEME-3', 4.4, 0.6751350662203579, 1300000.0, 776000.0, 15.991427999999997, 0.3846641937602627, 1.0, 0.0, 0.06666666666666667, 'statistics.mean(avg_fn)', 500, 20, 'anr', 1, 5, 594583.8881099958, 7.755619601032527, 0.08222892497172082, 0.0, 0.0, 0.14907119849998599, 'statistics.stdev(avg_fn)'
